{"cameraMode":{"drawMode":0,"name":"Shaded","section":"Shading Mode"},"sceneLighting":true,"audioPlay":false,"sceneViewState":{"m_AlwaysRefresh":false,"showFog":true,"showSkybox":true,"showFlares":true,"showImageEffects":true,"showParticleSystems":true,"showVisualEffectGraphs":true,"m_FxEnabled":true},"in2DMode":false,"pivot":{"x":-0.0974925309419632,"y":0.0029235128313302995,"z":0.30179253220558169},"rotation":{"x":0.012855769135057927,"y":0.9667803049087524,"z":-0.0496504083275795,"w":0.25045230984687807},"size":0.025621864944696428,"orthographic":false}